Heading,Sub Heading,Vacancy Link,Experience Needed,Salary
Python Developer,NeoSOFT,,5-7 Years,"Noida, India"
Python Developer,Multicloud4U® Technologies,,5-7 Years,"Gurgaon / Gurugram, India"
Python Developer,Scriza Private Limited,,4-6 Years,"Noida, India"
Sr. Python Developer,Prominent Network Search Pvt. Ltd,,0-2 Years,"Gurgaon / Gurugram, India"
Senior Python Developer,Shreeniwas Innovations Pvt. Ltd.,,5-7 Years,"Gurgaon / Gurugram, India"
Python Developer,MESKY,,4-6 Years,"Gurgaon / Gurugram, India"
Python Developer,Qkrishi,,0-2 Years,"Delhi, India"
Python Developer,zKonsult Innovative Solutions Private Limited (ZISPL),,5-7 Years,"Gurgaon / Gurugram, India"
Senior Python Developer - Django,Shreeniwas Innovations Pvt. Ltd.,,5-7 Years,"Gurgaon / Gurugram, India"
Python Developer - Remote,Cryt,,0-2 Years,"Delhi, India"
Heading,Sub Heading,Vacancy Link,Experience Needed,Salary
Python Developer,Scriza Private Limited,,4-6 Years,"Noida, India"
Python Developer,NeoSOFT,,5-7 Years,"Noida, India"
Python Developer,MESKY,,4-6 Years,"Gurgaon / Gurugram, India"
Sr. Python Developer,Prominent Network Search Pvt. Ltd,,0-2 Years,"Gurgaon / Gurugram, India"
Senior Python Developer - Django,Shreeniwas Innovations Pvt. Ltd.,,5-7 Years,"Gurgaon / Gurugram, India"
Python Developer,zKonsult Innovative Solutions Private Limited (ZISPL),,5-7 Years,"Gurgaon / Gurugram, India"
Python Developer,Qkrishi,,0-2 Years,"Delhi, India"
Senior Python Developer,Shreeniwas Innovations Pvt. Ltd.,,5-7 Years,"Gurgaon / Gurugram, India"
Python Developer,Multicloud4U® Technologies,,5-7 Years,"Gurgaon / Gurugram, India"
Python Developer - Remote,Cryt,,0-2 Years,"Delhi, India"
Heading,Sub Heading,Vacancy Link,Experience Needed,Salary
Python Developer,Scriza Private Limited,,4-6 Years,"Noida, India"
Python Developer,Multicloud4U® Technologies,,5-7 Years,"Gurgaon / Gurugram, India"
Python Developer,MESKY,,4-6 Years,"Gurgaon / Gurugram, India"
Sr. Python Developer,Prominent Network Search Pvt. Ltd,,0-2 Years,"Gurgaon / Gurugram, India"
Python Developer,NeoSOFT,,5-7 Years,"Noida, India"
Python Developer,zKonsult Innovative Solutions Private Limited (ZISPL),,5-7 Years,"Gurgaon / Gurugram, India"
Python Developer,Qkrishi,,0-2 Years,"Delhi, India"
Senior Python Developer - Django,Shreeniwas Innovations Pvt. Ltd.,,5-7 Years,"Gurgaon / Gurugram, India"
Senior Python Developer,Shreeniwas Innovations Pvt. Ltd.,,5-7 Years,"Gurgaon / Gurugram, India"
Python Developer - Remote,Cryt,,0-2 Years,"Delhi, India"
Heading,Sub Heading,Vacancy Link,Experience Needed,Salary
Python Developer,Scriza Private Limited,,4-6 Years,"Noida, India"
Python Developer,NeoSOFT,,5-7 Years,"Noida, India"
Python Developer,MESKY,,4-6 Years,"Gurgaon / Gurugram, India"
Sr. Python Developer,Prominent Network Search Pvt. Ltd,,0-2 Years,"Gurgaon / Gurugram, India"
Senior Python Developer - Django,Shreeniwas Innovations Pvt. Ltd.,,5-7 Years,"Gurgaon / Gurugram, India"
Python Developer,zKonsult Innovative Solutions Private Limited (ZISPL),,5-7 Years,"Gurgaon / Gurugram, India"
Python Developer,Qkrishi,,0-2 Years,"Delhi, India"
Senior Python Developer,Shreeniwas Innovations Pvt. Ltd.,,5-7 Years,"Gurgaon / Gurugram, India"
Python Developer,Multicloud4U® Technologies,,5-7 Years,"Gurgaon / Gurugram, India"
Python Developer - Remote,Cryt,,0-2 Years,"Delhi, India"
Heading,Sub Heading,Vacancy Link,Experience Needed,Salary
Python Developer,Scriza Private Limited,,4-6 Years,"Noida, India"
Python Developer,Multicloud4U® Technologies,,5-7 Years,"Gurgaon / Gurugram, India"
Python Developer,MESKY,,4-6 Years,"Gurgaon / Gurugram, India"
Sr. Python Developer,Prominent Network Search Pvt. Ltd,,0-2 Years,"Gurgaon / Gurugram, India"
Python Developer,NeoSOFT,,5-7 Years,"Noida, India"
Python Developer,zKonsult Innovative Solutions Private Limited (ZISPL),,5-7 Years,"Gurgaon / Gurugram, India"
Python Developer,Qkrishi,,0-2 Years,"Delhi, India"
Senior Python Developer - Django,Shreeniwas Innovations Pvt. Ltd.,,5-7 Years,"Gurgaon / Gurugram, India"
Senior Python Developer,Shreeniwas Innovations Pvt. Ltd.,,5-7 Years,"Gurgaon / Gurugram, India"
Python Developer - Remote,Cryt,,0-2 Years,"Delhi, India"
Heading,Sub Heading,Vacancy Link,Experience Needed,Salary
Python Developer,Scriza Private Limited,,4-6 Years,"Noida, India"
Python Developer,Multicloud4U® Technologies,,5-7 Years,"Gurgaon / Gurugram, India"
Python Developer,MESKY,,4-6 Years,"Gurgaon / Gurugram, India"
Sr. Python Developer,Prominent Network Search Pvt. Ltd,,0-2 Years,"Gurgaon / Gurugram, India"
Python Developer,NeoSOFT,,5-7 Years,"Noida, India"
Python Developer,zKonsult Innovative Solutions Private Limited (ZISPL),,5-7 Years,"Gurgaon / Gurugram, India"
Python Developer,Qkrishi,,0-2 Years,"Delhi, India"
Senior Python Developer - Django,Shreeniwas Innovations Pvt. Ltd.,,5-7 Years,"Gurgaon / Gurugram, India"
Senior Python Developer,Shreeniwas Innovations Pvt. Ltd.,,5-7 Years,"Gurgaon / Gurugram, India"
Python Developer - Remote,Cryt,,0-2 Years,"Delhi, India"
Heading,Sub Heading,Vacancy Link,Experience Needed,Salary
Python Developer,Ciena,,0-2 Years,"Remote, India"
Python Developer,Elastic Serve,,2-4 Years,"Remote, India"
Python Developer,Voyantt Consultancy Services LLP,,2-6 Years,Remote
Python Developer,Excel HR Solutions Private Limited,,3-5 Years,Remote
Python Developer,Numerator,,4-6 Years,"Remote, India"
Java/Python Developer- Kubernetes & cloud,Ciena,,0-6 Years,"Remote, India"
Python Engineer Machine Learning,HNM Solutions,,3-4 Years,Remote
Python Developers,Coders Brain Technology Private Limited,,2-6 Years,Remote
Backend Engineer - Python,Mpowering HR Solutions,,4-7 Years,Remote
Module Lead Java/Scala/Python developers,Ciena,,4-6 Years,"Remote, India"
Heading,Sub Heading,Vacancy Link,Experience Needed,Salary
Python Developer,NeoSOFT,,5-7 Years,"Noida, India"
Senior Python Developer - Django,Shreeniwas Innovations Pvt. Ltd.,,5-7 Years,"Gurgaon / Gurugram, India"
Sr. Python Developer,Prominent Network Search Pvt. Ltd,,0-2 Years,"Gurgaon / Gurugram, India"
Python Developer,MESKY,,4-6 Years,"Gurgaon / Gurugram, India"
Python Developer,Scriza Private Limited,,4-6 Years,"Noida, India"
Senior Python Developer,Shreeniwas Innovations Pvt. Ltd.,,5-7 Years,"Gurgaon / Gurugram, India"
Python Developer,Qkrishi,,0-2 Years,"Delhi, India"
Python Developer,zKonsult Innovative Solutions Private Limited (ZISPL),,5-7 Years,"Gurgaon / Gurugram, India"
Python Developer,Multicloud4U® Technologies,,5-7 Years,"Gurgaon / Gurugram, India"
Python Developer,Speqto Technologies,,0-2 Years,"Noida, India"
Heading,Sub Heading,Vacancy Link,Experience Needed,Salary
"Java Full Stack Developer, Aladdin Engineering-Associate",BlackRock,,4-6 Years,"Gurgaon / Gurugram, India"
Full Stack Developer,Pathirika Network.Com Private Limited,,2-12 Years,"Chennai, Delhi"
Full Stack Developer - Shopify,Uxsquare,,4-6 Years,"Remote, India"
Full Stack Developer,KnoBee,,5-7 Years,"Noida, India"
Full Stack Developer,Hewink,,3-5 Years,"Delhi, India"
Full Stack Developer,Sociometrik,,3-4 Years,"Gurgaon / Gurugram, India"
Full Stack Developer,Headhunters Zone,,5-7 Years,"Gurgaon / Gurugram, India"
Node JS Full Stack Developer,iBCScorp,,3-5 Years,"Delhi, India"
Full Stack Developer - JAVA,Isha Consult,,3-5 Years,"Gurgaon / Gurugram, India"
Full-stack Developer,Apetan Consulting LLC,,0-2 Years,"Noida, India"
Heading,Sub Heading,Vacancy Link,Experience Needed,Salary
Flutter developer,techugo,,2-3 Years,"Noida, India"
Flutter Developer,r3 Consultant,,3-8 Years,"Delhi, India"
Flutter Developer,Looper Development Services,,3-5 Years,"Noida, India"
FLUTTER DEVELOPER,SBS DIGITAL INFOTECH,,1-3 Years,"Delhi, India"
Flutter Developer,Looper Development Services,,3-5 Years,"Noida, India"
Flutter Developer,Mindrops,,3-5 Years,"Delhi, India"
Flutter Developer,Looper Development Services,,3-5 Years,"Noida, India"
FLUTTER DEVELOPER,Tekniko Global Private Limited,,0-2 Years,"Noida, India"
flutter developer,Nexus jobs,,1-3 Years,"Delhi, India"
Flutter Developer,TechKnowledgeHub.org,,0-2 Years,"Remote, India"
Heading,Sub Heading,Vacancy Link,Experience Needed,Salary
Flutter Developer,CareerPaths,,4-8 Years,"Bengaluru / Bangalore, Gurgaon / Gurugram"
Flutter Developer,Company name confidential,,0-5 Years,"Bengaluru / Bangalore, Gurgaon / Gurugram"
Sr. Flutter Developer,ZestPire,,7-9 Years,"Noida, India"
Flutter Developer,VAYUZ Technologies,,2-4 Years,"Noida, India"
Flutter Developer,VAYUZ Technologies,,2-4 Years,"Noida, India"
EbizON|| Flutter Developer|| Noida,EbizON,,2-4 Years,"Noida, India"
Flutter Developer,Looper Development Services,,3-5 Years,"Noida, India"
Flutter Developer,Mindrops,,3-5 Years,"Delhi, India"
Flutter Developer,TechKnowledgeHub.org,,0-2 Years,"Remote, India"
flutter developer,Nexus jobs,,1-3 Years,"Delhi, India"
Heading,Sub Heading,Vacancy Link,Experience Needed,Salary
Mean full Stack Developer,Birlasoft Limited,,6-11 Years,"Bengaluru / Bangalore, Noida"
"Java Full Stack Developer, Aladdin Engineering-Associate",BlackRock,,4-6 Years,"Gurgaon / Gurugram, India"
Full Stack Developer,Pathirika Network.Com Private Limited,,2-12 Years,"Chennai, Delhi"
Java Full Stack developer,Acz Global Private Limited,,5-10 Years,"Hyderabad / Secunderabad, Telangana, Noida"
Full Stack Developer,Birlasoft Limited,,5-10 Years,"Noida, Pune"
Full Stack developer - Associate,BlackRock,,2-6 Years,"Gurgaon / Gurugram, India"
"Consultant .NET, Full Stack Developer",Genpact,,3-5 Years,Noida
Full Stack Developer,Happy Square Outsourcing Services Private Limited,,3-5 Years,Noida
Full Stack Developer - Analyst,BlackRock,,1-2 Years,"Gurgaon / Gurugram, India"
Full stack developer (React Js + Node Js),Coforge,,7-10 Years,"Noida, India"
Heading,Sub Heading,Vacancy Link,Experience Needed,Salary
Software Developer 3,Oracle,,0-2 Years,"Noida, India"
Senior Software Developer,BlackRock,,8-10 Years,"Gurgaon / Gurugram, India"
Software Developer,Ericsson,,Fresher,"Noida, India"
Senior Software Developer Lead Consultant WFH (Job Code : J47799),Sampoorna Consultants Private Limited,,10-18 Years,"Bengaluru / Bangalore, Gurgaon / Gurugram"
Software Developer,Oracle,,5-7 Years,"Noida, India"
Software Developer,Teamlease Digital Private Limited,,2-4 Years,Delhi
Software Developer BMC,Ericsson,,8-10 Years,"Noida, India"
Software Developer,Ericsson,,3-5 Years,"Noida, India"
Senior Software Developer - Java full-stack,HighPoints Technologies India Private Limited,,6-12 Years,"Bengaluru / Bangalore, Delhi"
Software Developer,Tata Consultancy Services Limited,,5-8 Years,"Delhi, Hyderabad / Secunderabad, Telangana"
Heading,Sub Heading,Vacancy Link,Experience Needed,Salary
Software Developer 3,Oracle,,0-2 Years,"Noida, India"
Senior Software Developer,BlackRock,,8-10 Years,"Gurgaon / Gurugram, India"
Software Developer,Ericsson,,Fresher,"Noida, India"
Senior Software Developer Lead Consultant WFH (Job Code : J47799),Sampoorna Consultants Private Limited,,10-18 Years,"Bengaluru / Bangalore, Gurgaon / Gurugram"
Software Developer BMC,Ericsson,,8-10 Years,"Noida, India"
Software Developer,Teamlease Digital Private Limited,,2-4 Years,Delhi
Software Developer,Oracle,,5-7 Years,"Noida, India"
Software Developer,Ericsson,,3-5 Years,"Noida, India"
Software Developer - Java Scala,CIENA India Private Limited,,2-8 Years,Delhi
Software Developer,Tata Consultancy Services Limited,,5-8 Years,"Delhi, Hyderabad / Secunderabad, Telangana"
Heading,Sub Heading,Vacancy Link,Experience Needed,Salary
Sr. Software Developer,Capgemini Technology Services India Limited,,6-9 Years,"Bengaluru / Bangalore, Mumbai"
Software Developer,Capgemini Technology Services India Limited,,4-9 Years,"Bengaluru / Bangalore, Mumbai"
Software Developer 4,Oracle,,Fresher,"Mumbai, India"
Software Developer 4,Oracle,,Fresher,"Mumbai, India"
Software Developer 3,Oracle,,10-12 Years,"Mumbai, India"
Software Developer,Ambetronics Engineers Private Limited,,1-6 Years,Mumbai
Software Developer Intern,NCR Corporation,,0-2 Years,"Mumbai, India"
Senior Software Developer,S2 Infotech International Limited,,4-5 Years,"Mumbai, Mumbai City, Navi Mumbai, Thane"
Software Developer - IT,Envecon Global Solutions Private Limited,,3-13 Years,Mumbai
Software Developer,Revolancer Limited,,0-5 Years,"Bengaluru / Bangalore, Remote"
Heading,Sub Heading,Vacancy Link,Experience Needed,Salary
Flutter Developer,Company name confidential,,0-5 Years,"Bengaluru / Bangalore, Gurgaon / Gurugram"
Mobile (Flutter) Developer,ATC Global Logistics,,0-2 Years,"Remote, India"
Flutter Developer - III,Codefree.io,,3-4 Years,"Noida, India"
Flutter developer,XenelSoft Technologies Pvt Ltd,,3-5 Years,"Noida, India"
Flutter Developer,TechKnowledgeHub.org,,0-2 Years,"Remote, India"
Flutter developer,techugo,,2-3 Years,"Noida, India"
flutter developer,Nexus jobs,,1-3 Years,"Delhi, India"
Flutter Developer,Mindrops,,3-5 Years,"Delhi, India"
Flutter Developer,Looper Development Services,,3-5 Years,"Noida, India"
Flutter Developer,Hewink,,2-5 Years,"Noida, India"
Heading,Sub Heading,Vacancy Link,Experience Needed,Salary
Mobile (Flutter) Developer,ATC Global Logistics,,0-2 Years,"Remote, India"
FFlutter Developer,Radial HR Solutions,,2-7 Years,"Bengaluru / Bangalore, Remote"
Flutter Developer,TechKnowledgeHub.org,,0-2 Years,"Remote, India"
Automation QA Tester (Flutter APPS),Ideatree,,3-5 Years,"Remote, India"
Flutter Developer,122 Technologies,,2-3 Years,"Remote, India"
Flutter Developer,TST Technology,,0-2 Years,"Remote, India"
Mobile Application Developer,Company name confidential,,0-2 Years,Remote
Sr Software Engineer - Mobile,Nurdsoft,,3-6 Years,"Remote, India"
React Native Developer I Permanent WFH/ Remote,WovV Technologies (Division of Techno compass consulting Pvt Ltd),,3-6 Years,Remote
mern stack Developer,Krishna Enterprises,,3-8 Years,"Remote, Jaipur"
Heading,Sub Heading,Vacancy Link,Experience Needed,Salary
Software Developer,Revolancer Limited,,0-5 Years,Remote
Software Developer,Softthink Solutions Inc,,8-15 Years,Remote
Software Developer,Revolancer Limited,,0-5 Years,"Bengaluru / Bangalore, Remote"
Laravel Developer / Software Developer,Voyantt Consultancy Services LLP,,2-8 Years,Remote
Software Developer,Revolancer Limited,,1-6 Years,Remote
Heading,Sub Heading,Vacancy Link,Experience Needed,Salary
Software Developer 3,Oracle,,4-6 Years,"Noida, India"
Senior Software Developer,Oracle,,0-2 Years,"Noida, India"
Senior Software Developer,BlackRock,,8-10 Years,"Gurgaon / Gurugram, India"
Software Developer,Railworld India Private Limited,,0-1 Years,Gurgaon / Gurugram
Software Developer,Ericsson,,Fresher,"Noida, India"
